{
    "model_name": "resnet_unet",
    "model_path": "./checkpoints/best_model.pth",
    "metrics": {
        "mae": 0.05522251756567704,
        "mse": 0.006776161038463837,
        "rmse": 0.0803104137068271,
        "r2": 0.8375276140868664,
        "ssim": 0.7903145112546585,
        "psnr": 23.41676965505263
    }
}